<?xml version="1.0"?>
<configuration>

	<property>
		<name>mapreduce.output.fileoutputformat.compress</name>
		<value>false</value>
		<description>Whether to compress outputs</description>
	</property>

	<property>
		<name>mapreduce.output.fileoutputformat.compress.codec</name>
		<!-- <value>org.apache.hadoop.io.compress.DefaultCodec</value> -->
		<value>org.apache.hadoop.io.compress.GzipCodec</value>
		<!-- <value>org.apache.hadoop.io.compress.BZip2Codec</value> -->
		<!-- <value>com.hadoop.compression.lzo.LzopCodec</value> -->
		<!-- <value>org.apache.hadoop.io.compress.Lz4Codec</value> -->
		<!-- <value>org.apache.hadoop.io.compress.SnappyCodec</value> -->
		
		<description>The compression codec to use for outputs</description>
	</property>

	<property>
		<name>mapreduce.output.fileoutputformat.compress.type</name>
		<value>RECORD</value>
		<description>The type of compression to use for sequence file outputs: NONE, RECORD, or BLOCK</description>
	</property>

</configuration>